Date,PM2_5,PM10
01-01-2018 00:00,156.25,520.27
02-01-2018 00:00,206.58,630.55
03-01-2018 00:00,131.16,366.86
04-01-2018 00:00,223.67,323.72
05-01-2018 00:00,224.11,330.63
06-01-2018 00:00,279.16,421.11
07-01-2018 00:00,188.91,305.58
08-01-2018 00:00,180.93,317.72
09-01-2018 00:00,230.75,386.42
10-01-2018 00:00,188.06,294.61
11-01-2018 00:00,164.22,281.34
12-01-2018 00:00,177.7,333.17
13-01-2018 00:00,148.41,405.93
14-01-2018 00:00,63.68,280.47
15-01-2018 00:00,59.74,349.73
16-01-2018 00:00,110.98,307.17
17-01-2018 00:00,200.7,307.38
18-01-2018 00:00,347.13,543.74
19-01-2018 00:00,118.98,414.06
20-01-2018 00:00,71.35,306.66
21-01-2018 00:00,62.78,325.9
22-01-2018 00:00,161.87,466.85
23-01-2018 00:00,146.28,234.25
24-01-2018 00:00,144.19,233.77
25-01-2018 00:00,91.58,218.21
26-01-2018 00:00,146.99,231.49
27-01-2018 00:00,192.66,321.75
28-01-2018 00:00,157.39,277.47
29-01-2018 00:00,168.15,310.14
30-01-2018 00:00,148.33,244.35
31-01-2018 00:00,140.11,223.58
01-02-2018 00:00,137.91,287.05
02-02-2018 00:00,133.66,284.3
03-02-2018 00:00,107.62,228.77
04-02-2018 00:00,114.5,230.59
05-02-2018 00:00,156.5,286.36
06-02-2018 00:00,150.88,267.41
07-02-2018 00:00,133.42,249.7
08-02-2018 00:00,186.98,372.18
09-02-2018 00:00,201.64,374.85
10-02-2018 00:00,231.09,400.72
11-02-2018 00:00,153.42,297.8
12-02-2018 00:00,57.79,107.19
13-02-2018 00:00,94.96,155.47
14-02-2018 00:00,89.66,141.91
15-02-2018 00:00,83.76,155.93
16-02-2018 00:00,119.04,220.77
17-02-2018 00:00,115.6,228.42
18-02-2018 00:00,118.24,210.25
19-02-2018 00:00,170.91,319.66
20-02-2018 00:00,170.05,331.48
21-02-2018 00:00,193.95,397.9
22-02-2018 00:00,166.67,332.7
23-02-2018 00:00,195.13,388.89
24-02-2018 00:00,145.64,302.79
25-02-2018 00:00,100.96,198.27
26-02-2018 00:00,96.31,152.87
27-02-2018 00:00,115.57,199.84
28-02-2018 00:00,134.58,261.69
01-03-2018 00:00,120.36,244.28
02-03-2018 00:00,149.3,245.39
03-03-2018 00:00,105.52,182.95
04-03-2018 00:00,95.79,187.87
05-03-2018 00:00,86.44,153.61
06-03-2018 00:00,93.25,159.67
07-03-2018 00:00,102.69,191.06
08-03-2018 00:00,158.53,303.78
09-03-2018 00:00,166.09,322.06
10-03-2018 00:00,82.74,170.49
11-03-2018 00:00,103.32,194.88
12-03-2018 00:00,118.84,230.73
13-03-2018 00:00,149.77,260.91
14-03-2018 00:00,153.94,316.69
15-03-2018 00:00,124.66,249.43
16-03-2018 00:00,129.71,259.48
17-03-2018 00:00,114.17,187.57
18-03-2018 00:00,109.64,204.21
19-03-2018 00:00,101.57,201.17
20-03-2018 00:00,122.24,266.38
21-03-2018 00:00,160.56,251.28
22-03-2018 00:00,92,154.76
23-03-2018 00:00,77.6,169.58
24-03-2018 00:00,91.19,184.78
25-03-2018 00:00,118.36,206.37
26-03-2018 00:00,115.8,204.83
27-03-2018 00:00,135.46,186.7
28-03-2018 00:00,141.64,109.71
29-03-2018 00:00,102.35,184.77
30-03-2018 00:00,132.03,221.52
31-03-2018 00:00,112.67,236.74
01-04-2018 00:00,102.07,155.67
02-04-2018 00:00,117.97,192.46
03-04-2018 00:00,133.64,202.08
04-04-2018 00:00,153.87,255.87
05-04-2018 00:00,213.11,340.51
06-04-2018 00:00,163.75,203.9
07-04-2018 00:00,65.58,113.53
08-04-2018 00:00,59.49,118.57
09-04-2018 00:00,55.64,91.47
10-04-2018 00:00,108.9,195.32
11-04-2018 00:00,53.17,98.27
12-04-2018 00:00,87.08,118.28
13-04-2018 00:00,127.34,221.65
14-04-2018 00:00,141.84,251.72
15-04-2018 00:00,139.17,280.42
16-04-2018 00:00,156.43,306.3
17-04-2018 00:00,114.13,242.92
18-04-2018 00:00,148.95,233.43
19-04-2018 00:00,148.95,270.52
20-04-2018 00:00,193.91,337.52
21-04-2018 00:00,239.1,464
22-04-2018 00:00,104.64,177.29
23-04-2018 00:00,120.9,201.38
24-04-2018 00:00,151.54,263.5
25-04-2018 00:00,182.8,303.71
26-04-2018 00:00,187.61,352.35
27-04-2018 00:00,117.92,254.85
28-04-2018 00:00,None,None
29-04-2018 00:00,None,None
30-04-2018 00:00,99.43,187.44
01-05-2018 00:00,50.77,114.05
02-05-2018 00:00,88.48,157.9
03-05-2018 00:00,65.64,118.39
04-05-2018 00:00,100.91,89.02
05-05-2018 00:00,79.67,278.43
06-05-2018 00:00,106.42,306.1
07-05-2018 00:00,112.8,471.25
08-05-2018 00:00,38.66,311.91
09-05-2018 00:00,65.61,164.65
10-05-2018 00:00,96.4,218.32
11-05-2018 00:00,136.37,310.68
12-05-2018 00:00,149.24,337.07
13-05-2018 00:00,73.79,181.82
14-05-2018 00:00,46.84,134.43
15-05-2018 00:00,64.14,163.53
16-05-2018 00:00,72.89,251.4
17-05-2018 00:00,94.97,290.49
18-05-2018 00:00,84.43,241.94
19-05-2018 00:00,101.15,288.8
20-05-2018 00:00,81.4,251.45
21-05-2018 00:00,67.27,229.55
22-05-2018 00:00,92.74,302.2
23-05-2018 00:00,143.9,389.25
24-05-2018 00:00,139.69,355.31
25-05-2018 00:00,109.51,313.4
26-05-2018 00:00,110.03,327.48
27-05-2018 00:00,90.86,303.99
28-05-2018 00:00,96.87,263.15
29-05-2018 00:00,126.24,314.31
30-05-2018 00:00,50.1,238.19
31-05-2018 00:00,65.8,214.92
01-06-2018 00:00,79.88,195.31
02-06-2018 00:00,62.99,115.08
03-06-2018 00:00,48.53,115.04
04-06-2018 00:00,74.01,156.44
05-06-2018 00:00,37.87,114.58
06-06-2018 00:00,65.44,133.45
07-06-2018 00:00,84.66,140.38
08-06-2018 00:00,83.58,165.02
09-06-2018 00:00,47.19,124.34
10-06-2018 00:00,48.91,142.06
11-06-2018 00:00,69.64,244.31
12-06-2018 00:00,135.95,501.93
13-06-2018 00:00,235.65,869.52
14-06-2018 00:00,176.81,732.5
15-06-2018 00:00,110.47,579.34
16-06-2018 00:00,94.22,467.19
17-06-2018 00:00,66.21,257.71
18-06-2018 00:00,51.68,179.85
19-06-2018 00:00,44.92,154.58
20-06-2018 00:00,64.15,214.2
21-06-2018 00:00,71.91,267.89
22-06-2018 00:00,84.48,271.23
23-06-2018 00:00,66.89,212.59
24-06-2018 00:00,57.46,189.94
25-06-2018 00:00,97.63,291.23
26-06-2018 00:00,48.07,134.11
27-06-2018 00:00,31.01,78.64
28-06-2018 00:00,16.04,85.86
29-06-2018 00:00,39.55,74.58
30-06-2018 00:00,34.75,69.99
01-07-2018 00:00,35.41,79.9
02-07-2018 00:00,40.19,100.49
03-07-2018 00:00,39.12,85.86
04-07-2018 00:00,63.4,141.19
05-07-2018 00:00,56.93,157.47
06-07-2018 00:00,62.13,252.1
07-07-2018 00:00,62.34,199.17
08-07-2018 00:00,86.07,242.97
09-07-2018 00:00,62.13,158.52
10-07-2018 00:00,50.33,92
11-07-2018 00:00,32.4,102.72
12-07-2018 00:00,42.38,131.94
13-07-2018 00:00,30.13,62.21
14-07-2018 00:00,20.8,51.12
15-07-2018 00:00,27.11,59.24
16-07-2018 00:00,33.54,82.23
17-07-2018 00:00,22.52,69.74
18-07-2018 00:00,30.11,95.89
19-07-2018 00:00,28.17,77.99
20-07-2018 00:00,38.99,106.75
21-07-2018 00:00,40.52,88.46
22-07-2018 00:00,17.79,47.65
23-07-2018 00:00,36.73,73.3
24-07-2018 00:00,25.02,76.47
25-07-2018 00:00,26.67,90.38
26-07-2018 00:00,25.98,71.32
27-07-2018 00:00,21.74,48.7
28-07-2018 00:00,34.75,101.35
29-07-2018 00:00,49.87,183.79
30-07-2018 00:00,50.32,190.21
31-07-2018 00:00,52.49,240.13
01-08-2018 00:00,58.39,286.41
02-08-2018 00:00,72.65,368.58
03-08-2018 00:00,65.81,345.41
04-08-2018 00:00,69.44,351.6
05-08-2018 00:00,60.04,283.84
06-08-2018 00:00,53.77,153.82
07-08-2018 00:00,44.42,123.43
08-08-2018 00:00,30,76.46
09-08-2018 00:00,28.23,76.11
10-08-2018 00:00,44.93,123.92
11-08-2018 00:00,39.16,147
12-08-2018 00:00,31.05,126.85
13-08-2018 00:00,33.55,121.78
14-08-2018 00:00,42.15,120.75
15-08-2018 00:00,40.1,120.94
16-08-2018 00:00,27.52,79.28
17-08-2018 00:00,27.55,76.98
18-08-2018 00:00,27.24,71.84
19-08-2018 00:00,38.5,98.73
20-08-2018 00:00,58.4,136.68
21-08-2018 00:00,21.9,57.04
22-08-2018 00:00,23.95,65.41
23-08-2018 00:00,27.37,83.88
24-08-2018 00:00,20.91,134.19
25-08-2018 00:00,27.89,128.17
26-08-2018 00:00,27.17,99.71
27-08-2018 00:00,21.52,54.89
28-08-2018 00:00,24.51,53.18
29-08-2018 00:00,21.21,48.43
30-08-2018 00:00,40.96,118.54
31-08-2018 00:00,45.8,176.98
01-09-2018 00:00,39.18,122.88
02-09-2018 00:00,34.85,88.38
03-09-2018 00:00,36.1,70.09
04-09-2018 00:00,58.48,129.41
05-09-2018 00:00,40.88,145
06-09-2018 00:00,48.6,172.09
07-09-2018 00:00,41.04,111.01
08-09-2018 00:00,22.69,57.91
09-09-2018 00:00,20.77,44.47
10-09-2018 00:00,29.59,71.28
11-09-2018 00:00,33.27,107.41
12-09-2018 00:00,31.96,128.49
13-09-2018 00:00,32.83,150.14
14-09-2018 00:00,34.11,151.15
15-09-2018 00:00,43.51,158.22
16-09-2018 00:00,45.88,161.69
17-09-2018 00:00,62.53,190.27
18-09-2018 00:00,58.53,193.39
19-09-2018 00:00,61.95,214.32
20-09-2018 00:00,81.14,216.99
21-09-2018 00:00,40.25,99.23
22-09-2018 00:00,16.76,33.55
23-09-2018 00:00,26.57,47.62
24-09-2018 00:00,16.79,38.99
25-09-2018 00:00,25.89,117.38
26-09-2018 00:00,42.66,150.98
27-09-2018 00:00,80.24,228.5
28-09-2018 00:00,89.67,268.47
29-09-2018 00:00,90.34,275.12
30-09-2018 00:00,67.23,198.48
01-10-2018 00:00,71.21,255.62
02-10-2018 00:00,None,212.11
03-10-2018 00:00,246.01,196.26
04-10-2018 00:00,105.48,275
05-10-2018 00:00,135.63,329.03
06-10-2018 00:00,99.37,257.09
07-10-2018 00:00,102.43,283.06
08-10-2018 00:00,172.31,353.77
09-10-2018 00:00,None,None
10-10-2018 00:00,None,None
11-10-2018 00:00,None,None
12-10-2018 00:00,None,None
13-10-2018 00:00,None,None
14-10-2018 00:00,None,None
15-10-2018 00:00,10,None
16-10-2018 00:00,139.12,254.89
17-10-2018 00:00,194.03,292.69
18-10-2018 00:00,205.1,274.59
19-10-2018 00:00,209.72,360.92
20-10-2018 00:00,220.16,359.82
21-10-2018 00:00,221.99,342.02
22-10-2018 00:00,159.96,306.99
23-10-2018 00:00,158.49,331.1
24-10-2018 00:00,274.63,429.43
25-10-2018 00:00,239.34,390.91
26-10-2018 00:00,243.08,408.33
27-10-2018 00:00,290.32,417.66
28-10-2018 00:00,303.74,384.88
29-10-2018 00:00,295.97,422.6
30-10-2018 00:00,332.32,447.49
31-10-2018 00:00,331.45,393.66
01-11-2018 00:00,276.56,394.73
02-11-2018 00:00,224.86,334.44
03-11-2018 00:00,160.43,233.64
04-11-2018 00:00,110.49,171.03
05-11-2018 00:00,388.67,459.45
06-11-2018 00:00,192.32,302.21
07-11-2018 00:00,215.66,297.6
08-11-2018 00:00,470.42,530.94
09-11-2018 00:00,322.88,420.21
10-11-2018 00:00,307.56,412.09
11-11-2018 00:00,288.11,397.26
12-11-2018 00:00,285.43,422.49
13-11-2018 00:00,247.1,357.41
14-11-2018 00:00,125.32,181.43
15-11-2018 00:00,103.74,177.48
16-11-2018 00:00,138.57,222.34
17-11-2018 00:00,145.25,252.86
18-11-2018 00:00,183.52,295.26
19-11-2018 00:00,184.2,272.85
20-11-2018 00:00,213.23,331.27
21-11-2018 00:00,209.97,350.26
22-11-2018 00:00,142.03,304.82
23-11-2018 00:00,191.56,345.72
24-11-2018 00:00,104.81,234.06
25-11-2018 00:00,137.15,283.92
26-11-2018 00:00,215.56,385.39
27-11-2018 00:00,246.14,410.86
28-11-2018 00:00,218.87,363.36
29-11-2018 00:00,204.88,383.16
30-11-2018 00:00,216.15,381.18
01-12-2018 00:00,153.41,309.7
02-12-2018 00:00,210.43,492.09
03-12-2018 00:00,238.4,549
04-12-2018 00:00,254.66,543.47
05-12-2018 00:00,209.17,518.55
06-12-2018 00:00,266.63,523.09
07-12-2018 00:00,228.46,456.07
08-12-2018 00:00,265.85,540.78
09-12-2018 00:00,311.18,576.83
10-12-2018 00:00,311.3,463.19
11-12-2018 00:00,299,462.88
12-12-2018 00:00,181.59,217.15
13-12-2018 00:00,110.07,325.08
14-12-2018 00:00,138.51,422.29
15-12-2018 00:00,125.04,285.68
16-12-2018 00:00,151.41,304.02
17-12-2018 00:00,208.65,401.7
18-12-2018 00:00,201.75,387.07
19-12-2018 00:00,192.99,345.48
20-12-2018 00:00,280.42,566.94
21-12-2018 00:00,267.01,459.98
22-12-2018 00:00,354.23,528.62
23-12-2018 00:00,481.94,781.48
24-12-2018 00:00,410,612.51
25-12-2018 00:00,260.97,380.97
26-12-2018 00:00,223.72,349.27
27-12-2018 00:00,293.65,431.59
28-12-2018 00:00,245.68,381.92
29-12-2018 00:00,224.92,366.72
30-12-2018 00:00,347.69,513.38
31-12-2018 00:00,333.81,524.86
01-01-2019 00:00,300.6,458.75
02-01-2019 00:00,313.11,462.76
03-01-2019 00:00,358.32,509.4
04-01-2019 00:00,230.94,348.82
05-01-2019 00:00,230.27,324.57
06-01-2019 00:00,180.92,260.39
07-01-2019 00:00,193.1,314.13
08-01-2019 00:00,160.64,255.27
09-01-2019 00:00,134.5,220.02
10-01-2019 00:00,161.49,274.23
11-01-2019 00:00,317.71,446.66
12-01-2019 00:00,207.48,443.18
13-01-2019 00:00,286.5,398.57
14-01-2019 00:00,83.83,170.62
15-01-2019 00:00,191.21,297.05
16-01-2019 00:00,335.55,377.49
17-01-2019 00:00,483.19,566.18
18-01-2019 00:00,263.5,354.44
19-01-2019 00:00,272.97,352.16
20-01-2019 00:00,393.17,458.48
21-01-2019 00:00,135.25,155.25
22-01-2019 00:00,50.72,55.44
23-01-2019 00:00,150.09,217.2
24-01-2019 00:00,130.42,186.25
25-01-2019 00:00,73.07,115.6
26-01-2019 00:00,96.18,150.32
27-01-2019 00:00,147.07,182.91
28-01-2019 00:00,105.95,190.54
29-01-2019 00:00,155.39,225.34
30-01-2019 00:00,200.18,272.6
31-01-2019 00:00,175.66,218.48
01-02-2019 00:00,153.54,190.44
02-02-2019 00:00,145.25,235.51
03-02-2019 00:00,119.55,198.82
04-02-2019 00:00,123.91,238.99
05-02-2019 00:00,215.44,363.98
06-02-2019 00:00,148.77,213.76
07-02-2019 00:00,55.08,87.48
08-02-2019 00:00,79.2,206.3
09-02-2019 00:00,69.14,184.82
10-02-2019 00:00,120.54,252.84
11-02-2019 00:00,169.96,310.68
12-02-2019 00:00,206.25,332.64
13-02-2019 00:00,204.7,291.85
14-02-2019 00:00,114.06,151.3
15-02-2019 00:00,100.67,154.01
16-02-2019 00:00,88,138.02
17-02-2019 00:00,74.07,117.28
18-02-2019 00:00,57.55,94.78
19-02-2019 00:00,90.15,133.54
20-02-2019 00:00,62.64,88.87
21-02-2019 00:00,63.39,105.72
22-02-2019 00:00,57.68,97.76
23-02-2019 00:00,35.56,68.3
24-02-2019 00:00,80.57,114.5
25-02-2019 00:00,78.65,103.21
26-02-2019 00:00,40.2,58.54
27-02-2019 00:00,38.63,52.43
28-02-2019 00:00,87.72,118.89
01-03-2019 00:00,81.36,113.93
02-03-2019 00:00,74.68,91.19
03-03-2019 00:00,50.74,62.95
04-03-2019 00:00,97.39,145.57
05-03-2019 00:00,52.55,87.44
06-03-2019 00:00,82.38,137.46
07-03-2019 00:00,104.7,167.01
08-03-2019 00:00,82.82,136.09
09-03-2019 00:00,112.22,127.25
10-03-2019 00:00,89.83,171.35
11-03-2019 00:00,71.59,125.82
12-03-2019 00:00,54.7,101.65
13-03-2019 00:00,89.3,189.73
14-03-2019 00:00,113.81,185.28
15-03-2019 00:00,71.6,132.59
16-03-2019 00:00,65.15,135.2
17-03-2019 00:00,88.47,157.22
18-03-2019 00:00,99.81,189.67
19-03-2019 00:00,92.86,195.54
20-03-2019 00:00,84,177.5
21-03-2019 00:00,103.33,181
22-03-2019 00:00,26.37,100.84
23-03-2019 00:00,49.65,87.89
24-03-2019 00:00,40.99,121.1
25-03-2019 00:00,51.72,130.38
26-03-2019 00:00,66.71,168.9
27-03-2019 00:00,79.14,206.99
28-03-2019 00:00,117.37,267.81
29-03-2019 00:00,121.16,254.77
30-03-2019 00:00,115.53,254.49
31-03-2019 00:00,61.97,202.86
01-04-2019 00:00,47.35,175.21
02-04-2019 00:00,98.36,236.84
03-04-2019 00:00,89.22,229.73
04-04-2019 00:00,138.84,310.48
05-04-2019 00:00,145.36,334.15
06-04-2019 00:00,93.52,274.61
07-04-2019 00:00,144.47,319.92
08-04-2019 00:00,71.31,192.75
09-04-2019 00:00,83.49,186.63
10-04-2019 00:00,115.19,269.04
11-04-2019 00:00,77.31,217.09
12-04-2019 00:00,60.76,212.06
13-04-2019 00:00,50.75,162.36
14-04-2019 00:00,46.41,169.1
15-04-2019 00:00,66.49,192.24
16-04-2019 00:00,36.31,218.09
17-04-2019 00:00,25.01,60.64
18-04-2019 00:00,32.04,89.83
19-04-2019 00:00,62.34,160.08
20-04-2019 00:00,78.54,179.23
21-04-2019 00:00,99.16,219.19
22-04-2019 00:00,131.33,271.13
23-04-2019 00:00,122.27,244.9
24-04-2019 00:00,75.22,226.3
25-04-2019 00:00,75.07,227.12
26-04-2019 00:00,86.71,254.55
27-04-2019 00:00,63.92,288.96
28-04-2019 00:00,72.36,278.49
29-04-2019 00:00,90.72,307.24
30-04-2019 00:00,102.84,334.11
01-05-2019 00:00,118.22,319.32
02-05-2019 00:00,80.04,241.91
03-05-2019 00:00,37.73,146.1
04-05-2019 00:00,44.48,234.08
05-05-2019 00:00,53.61,267.96
06-05-2019 00:00,81.8,311.51
07-05-2019 00:00,100.47,483.88
08-05-2019 00:00,130.6,487.67
09-05-2019 00:00,148.61,461.65
10-05-2019 00:00,62.61,329.66
11-05-2019 00:00,38.32,396
12-05-2019 00:00,44.8,705.58
13-05-2019 00:00,163.65,373.53
14-05-2019 00:00,56.67,151.84
15-05-2019 00:00,80.42,198.4
16-05-2019 00:00,75,276.52
17-05-2019 00:00,79.49,369.08
18-05-2019 00:00,48.99,165.52
19-05-2019 00:00,80.6,214.33
20-05-2019 00:00,96.45,265.68
21-05-2019 00:00,75.41,213.42
22-05-2019 00:00,62.44,260.6
23-05-2019 00:00,79.83,238.64
24-05-2019 00:00,50.12,151.73
25-05-2019 00:00,44.16,150.32
26-05-2019 00:00,50.83,185.62
27-05-2019 00:00,84.78,248.23
28-05-2019 00:00,82.33,261.38
29-05-2019 00:00,80.39,269.82
30-05-2019 00:00,57.98,315.35
31-05-2019 00:00,113.32,410.35
01-06-2019 00:00,71.61,297.27
02-06-2019 00:00,79.9,218.02
03-06-2019 00:00,68.33,302.33
04-06-2019 00:00,55.06,162.59
05-06-2019 00:00,78.96,220.6
06-06-2019 00:00,66.68,237.85
07-06-2019 00:00,59.49,152.43
08-06-2019 00:00,87.66,226.59
09-06-2019 00:00,74.77,328.85
10-06-2019 00:00,64.15,287.97
11-06-2019 00:00,111.05,654.56
12-06-2019 00:00,55.22,271.14
13-06-2019 00:00,56.99,217.65
14-06-2019 00:00,65.51,244.27
15-06-2019 00:00,62.73,355.14
16-06-2019 00:00,36.74,188.96
17-06-2019 00:00,37.61,160.91
18-06-2019 00:00,33.91,124.71
19-06-2019 00:00,85.41,230.46
20-06-2019 00:00,47.38,145.48
21-06-2019 00:00,77.51,196.23
22-06-2019 00:00,92.09,208.13
23-06-2019 00:00,35.72,109.77
24-06-2019 00:00,21.21,64.23
25-06-2019 00:00,54.91,113.42
26-06-2019 00:00,79.07,173.55
27-06-2019 00:00,51.76,276.34
28-06-2019 00:00,50.01,278.2
29-06-2019 00:00,54.98,299.91
30-06-2019 00:00,44.65,304.91
01-07-2019 00:00,61.42,225.82
02-07-2019 00:00,78.98,245.05
03-07-2019 00:00,40.17,94.62
04-07-2019 00:00,37.78,97.55
05-07-2019 00:00,50.62,89.54
06-07-2019 00:00,37.85,66.24
07-07-2019 00:00,45.1,88.79
08-07-2019 00:00,60.74,149.7
09-07-2019 00:00,47.49,134.7
10-07-2019 00:00,80.43,288.7
11-07-2019 00:00,81.67,356.6
12-07-2019 00:00,70.92,345.4
13-07-2019 00:00,65.41,299.61
14-07-2019 00:00,62.58,279.13
15-07-2019 00:00,48.31,138.7
16-07-2019 00:00,39.02,72.69
17-07-2019 00:00,38.1,81.37
18-07-2019 00:00,40.28,99.47
19-07-2019 00:00,66.22,135.8
20-07-2019 00:00,47.18,99.03
21-07-2019 00:00,51.22,110.97
22-07-2019 00:00,65.56,111.56
23-07-2019 00:00,71.96,136.49
24-07-2019 00:00,75.68,167.24
25-07-2019 00:00,29.23,77.85
26-07-2019 00:00,27.73,40.9
27-07-2019 00:00,22.5,30.71
28-07-2019 00:00,20.5,35.89
29-07-2019 00:00,23.11,52.13
30-07-2019 00:00,25.99,57.47
31-07-2019 00:00,34.91,63.23
01-08-2019 00:00,35.35,60.52
02-08-2019 00:00,38.71,71.19
03-08-2019 00:00,38.67,59.02
04-08-2019 00:00,46.35,69.16
05-08-2019 00:00,57.95,88.34
06-08-2019 00:00,29.11,48.57
07-08-2019 00:00,36.49,75.08
08-08-2019 00:00,19.95,44.93
09-08-2019 00:00,13.64,39.64
10-08-2019 00:00,19.82,32.25
11-08-2019 00:00,28.91,62.12
12-08-2019 00:00,32.13,91.83
13-08-2019 00:00,28.58,79.48
14-08-2019 00:00,42.46,72.8
15-08-2019 00:00,30.07,55.99
16-08-2019 00:00,13.66,28.23
17-08-2019 00:00,8.8,13.57
18-08-2019 00:00,22.39,49.97
19-08-2019 00:00,42.73,97.39
20-08-2019 00:00,48.5,127.86
21-08-2019 00:00,50.96,155.66
22-08-2019 00:00,39.57,151.03
23-08-2019 00:00,52.91,167.76
24-08-2019 00:00,46.58,155.52
25-08-2019 00:00,24.59,43.21
26-08-2019 00:00,22.88,55.01
27-08-2019 00:00,34.6,82.42
28-08-2019 00:00,37.19,68.95
29-08-2019 00:00,31.18,44.32
30-08-2019 00:00,36.13,62.68
31-08-2019 00:00,61.61,81
01-09-2019 00:00,30.15,34.22
02-09-2019 00:00,48.01,78.43
03-09-2019 00:00,69.11,142.77
04-09-2019 00:00,66.61,129.95
05-09-2019 00:00,27.82,68.1
06-09-2019 00:00,29.34,75.59
07-09-2019 00:00,31.7,72.87
08-09-2019 00:00,34.4,76.06
09-09-2019 00:00,55.1,119.45
10-09-2019 00:00,83.77,167.03
11-09-2019 00:00,70.85,152.02
12-09-2019 00:00,51.05,112.79
13-09-2019 00:00,32.46,62.76
14-09-2019 00:00,27.37,59.35
15-09-2019 00:00,35.15,66.32
16-09-2019 00:00,56.75,106.22
17-09-2019 00:00,59.44,117.18
18-09-2019 00:00,31.64,68.81
19-09-2019 00:00,21.18,44.45
20-09-2019 00:00,32.56,76.4
21-09-2019 00:00,38,95.34
22-09-2019 00:00,21.44,77.75
23-09-2019 00:00,25.3,64.46
24-09-2019 00:00,37.31,92.27
25-09-2019 00:00,23.68,54.11
26-09-2019 00:00,15.82,39.86
27-09-2019 00:00,14.5,32.56
28-09-2019 00:00,15.39,37.76
29-09-2019 00:00,13.76,30.17
30-09-2019 00:00,28.24,62.39
01-10-2019 00:00,25.66,55.83
02-10-2019 00:00,40.09,88.35
03-10-2019 00:00,50.14,130.11
04-10-2019 00:00,46.82,122.02
05-10-2019 00:00,46.2,150.16
06-10-2019 00:00,65.01,174.13
07-10-2019 00:00,59.82,165.91
08-10-2019 00:00,50.46,140.04
09-10-2019 00:00,55.88,178.68
10-10-2019 00:00,94.35,209.13
11-10-2019 00:00,100.49,219.74
12-10-2019 00:00,107.5,238.41
13-10-2019 00:00,135,285.36
14-10-2019 00:00,119.54,270.41
15-10-2019 00:00,146.97,305.53
16-10-2019 00:00,134.12,249.46
17-10-2019 00:00,107.95,199.75
18-10-2019 00:00,78.38,166.33
19-10-2019 00:00,89.52,241.27
20-10-2019 00:00,107.11,256
21-10-2019 00:00,115.8,279.69
22-10-2019 00:00,92.9,224.58
23-10-2019 00:00,124.56,297.02
24-10-2019 00:00,170.17,367.73
25-10-2019 00:00,108.91,223.1
26-10-2019 00:00,136.56,253.4
27-10-2019 00:00,148.29,239.12
28-10-2019 00:00,300.99,450.17
29-10-2019 00:00,283.78,442.94
30-10-2019 00:00,296.34,513.53
31-10-2019 00:00,326.57,555.64
01-11-2019 00:00,398.78,614.82
02-11-2019 00:00,327.5,506.31
03-11-2019 00:00,521.77,613.46
04-11-2019 00:00,243.15,371.69
05-11-2019 00:00,172.84,302.26
06-11-2019 00:00,108.48,224.69
07-11-2019 00:00,196.7,321.61
08-11-2019 00:00,161.96,290.93
09-11-2019 00:00,135.48,251.45
10-11-2019 00:00,195.64,316.44
11-11-2019 00:00,269.1,429.2
12-11-2019 00:00,389.27,568.51
13-11-2019 00:00,373.32,582.83
14-11-2019 00:00,378.95,578.73
15-11-2019 00:00,381.41,541.66
16-11-2019 00:00,163.39,274.65
17-11-2019 00:00,87.07,153.79
18-11-2019 00:00,90.52,173.26
19-11-2019 00:00,120.91,226.01
20-11-2019 00:00,160.76,308.45
21-11-2019 00:00,226.9,420.98
22-11-2019 00:00,194.58,368.69
23-11-2019 00:00,123.22,243.45
24-11-2019 00:00,101.97,187.24
25-11-2019 00:00,109.22,247.22
26-11-2019 00:00,102.75,201.95
27-11-2019 00:00,58.92,111.82
28-11-2019 00:00,26.7,53.13
29-11-2019 00:00,49.62,103.92
30-11-2019 00:00,85.97,173.15
01-12-2019 00:00,109.25,197.72
02-12-2019 00:00,122.41,235.92
03-12-2019 00:00,114.4,230.87
04-12-2019 00:00,145.23,294.51
05-12-2019 00:00,247.66,431.16
06-12-2019 00:00,223.34,374.06
07-12-2019 00:00,224.23,371.83
08-12-2019 00:00,208.72,349.74
09-12-2019 00:00,176.17,312.67
10-12-2019 00:00,218,376.36
11-12-2019 00:00,276.87,455.69
12-12-2019 00:00,220.98,333.73
13-12-2019 00:00,76.4,117.35
14-12-2019 00:00,66.68,127.46
15-12-2019 00:00,85.94,169.05
16-12-2019 00:00,75.22,135.78
17-12-2019 00:00,77.29,150.84
18-12-2019 00:00,122.07,198.14
19-12-2019 00:00,224.12,339.22
20-12-2019 00:00,292.17,451.78
21-12-2019 00:00,239.24,374.34
22-12-2019 00:00,125.86,192.63
23-12-2019 00:00,151.99,233.15
24-12-2019 00:00,228.31,388.47
25-12-2019 00:00,154.48,261.61
26-12-2019 00:00,176.36,289.13
27-12-2019 00:00,216.59,359.82
28-12-2019 00:00,277.71,452.08
29-12-2019 00:00,333.71,539.41
30-12-2019 00:00,289.2,464.94
31-12-2019 00:00,232.79,346.31
01-01-2020 00:00,400.86,542.39
02-01-2020 00:00,348.46,514.19
03-01-2020 00:00,207.8,343.75
04-01-2020 00:00,204.45,353.64
05-01-2020 00:00,164.62,278.18
06-01-2020 00:00,146.27,248.82
07-01-2020 00:00,107.9,154.65
08-01-2020 00:00,119.32,177.01
09-01-2020 00:00,91.64,174.68
10-01-2020 00:00,138.9,257.19
11-01-2020 00:00,155.88,296.75
12-01-2020 00:00,219.95,409.76
13-01-2020 00:00,234.36,371.53
14-01-2020 00:00,116.12,188.76
15-01-2020 00:00,108.42,195.64
16-01-2020 00:00,121.71,198.21
17-01-2020 00:00,115.36,186.58
18-01-2020 00:00,129.98,244.65
19-01-2020 00:00,129.43,227.1
20-01-2020 00:00,137.83,239.9
21-01-2020 00:00,180.43,309.93
22-01-2020 00:00,189.56,356.86
23-01-2020 00:00,67.94,165.24
24-01-2020 00:00,81.97,193.95
25-01-2020 00:00,149.08,304.63
26-01-2020 00:00,211.09,350.29
27-01-2020 00:00,222.52,369.25
28-01-2020 00:00,107.83,154.48
29-01-2020 00:00,85.34,197.95
30-01-2020 00:00,96.21,235.35
31-01-2020 00:00,85.28,191.95
01-02-2020 00:00,118.39,232.94
02-02-2020 00:00,125.06,246.71
03-02-2020 00:00,142.05,297.03
04-02-2020 00:00,217.31,447.07
05-02-2020 00:00,148.79,307.48
06-02-2020 00:00,117.65,253.74
07-02-2020 00:00,202.24,388.11
08-02-2020 00:00,138.91,262.86
09-02-2020 00:00,155.11,299.99
10-02-2020 00:00,184.63,366.97
11-02-2020 00:00,190.06,396.58
12-02-2020 00:00,170.78,335.47
13-02-2020 00:00,86.59,198.47
14-02-2020 00:00,62.68,186.04
15-02-2020 00:00,78.16,213.77
16-02-2020 00:00,124.05,283.04
17-02-2020 00:00,138.43,233.35
18-02-2020 00:00,119.33,282
19-02-2020 00:00,148.07,327.46
20-02-2020 00:00,100.26,194.91
21-02-2020 00:00,57.95,81.54
22-02-2020 00:00,64.55,139.94
23-02-2020 00:00,90.67,177.21
24-02-2020 00:00,59.16,152.79
25-02-2020 00:00,110.43,250.5
26-02-2020 00:00,117.15,231.79
27-02-2020 00:00,84.51,152.56
28-02-2020 00:00,71.07,124.05
29-02-2020 00:00,50.43,90.71
01-03-2020 00:00,37.85,85.2
02-03-2020 00:00,99.47,227.21
03-03-2020 00:00,85.02,216.85
04-03-2020 00:00,105.51,224.52
05-03-2020 00:00,35.12,68.38
06-03-2020 00:00,24.19,35.73
07-03-2020 00:00,38.51,81.58
08-03-2020 00:00,61.38,156.21
09-03-2020 00:00,53.85,162.63
10-03-2020 00:00,78.99,168.21
11-03-2020 00:00,51.38,97.26
12-03-2020 00:00,57.17,165.57
13-03-2020 00:00,54.92,167.6
14-03-2020 00:00,35.36,83.58
15-03-2020 00:00,47.37,118.75
16-03-2020 00:00,58.06,175.31
17-03-2020 00:00,64.15,185.88
18-03-2020 00:00,70.64,208.95
19-03-2020 00:00,80.25,194.92
20-03-2020 00:00,90.2,201.4
21-03-2020 00:00,72.87,175.54
22-03-2020 00:00,67.89,123.66
23-03-2020 00:00,52.71,109.18
24-03-2020 00:00,59.11,119.25
25-03-2020 00:00,33.13,73.11
26-03-2020 00:00,33.57,66.91
27-03-2020 00:00,19.27,38.32
28-03-2020 00:00,20.11,42.58
29-03-2020 00:00,22.26,55.12
30-03-2020 00:00,32.53,66.06
31-03-2020 00:00,28.43,61.93
01-04-2020 00:00,28.22,63.33
02-04-2020 00:00,22.06,50.12
03-04-2020 00:00,29.27,57.77
04-04-2020 00:00,52.24,105.14
05-04-2020 00:00,52.94,103.21
06-04-2020 00:00,62.84,117.68
07-04-2020 00:00,28.34,84.89
08-04-2020 00:00,29.22,83.15
09-04-2020 00:00,34.77,84.18
10-04-2020 00:00,54.29,117.54
11-04-2020 00:00,60.81,126.13
12-04-2020 00:00,34.03,86.79
13-04-2020 00:00,52.17,126.03
14-04-2020 00:00,67.16,157.2
15-04-2020 00:00,59.69,201.14
16-04-2020 00:00,70.16,181.84
17-04-2020 00:00,25.27,83.51
18-04-2020 00:00,23.35,155.92
19-04-2020 00:00,39.54,85.95
20-04-2020 00:00,48.29,106.45
21-04-2020 00:00,40.64,90.89
22-04-2020 00:00,52.65,132.51
23-04-2020 00:00,54.09,121.41
24-04-2020 00:00,55.2,118.44
25-04-2020 00:00,31.56,79.65
26-04-2020 00:00,44.14,106.06
27-04-2020 00:00,24.92,45.93
28-04-2020 00:00,43.85,80.23
29-04-2020 00:00,55.98,115.74
30-04-2020 00:00,50.95,108.46
01-05-2020 00:00,54.28,123.04
02-05-2020 00:00,32.53,92.52
03-05-2020 00:00,30.51,67.97
04-05-2020 00:00,31.13,61.47
05-05-2020 00:00,55,106.03
06-05-2020 00:00,52.83,145.27
07-05-2020 00:00,34.7,87.64
08-05-2020 00:00,44.68,98.78
09-05-2020 00:00,56.89,119.9
10-05-2020 00:00,41.38,102.94
11-05-2020 00:00,41,82.54
12-05-2020 00:00,38.62,79.18
13-05-2020 00:00,54.18,133.1
14-05-2020 00:00,43.1,126.3
15-05-2020 00:00,44.89,109.41
16-05-2020 00:00,97.05,167.02
17-05-2020 00:00,86.71,196.77
18-05-2020 00:00,90,211.42
19-05-2020 00:00,97.2,232.57
20-05-2020 00:00,71.07,174.65
21-05-2020 00:00,55.46,193.71
22-05-2020 00:00,102.23,239.25
23-05-2020 00:00,91.47,262.83
24-05-2020 00:00,59.46,206.64
25-05-2020 00:00,57.51,184.15
26-05-2020 00:00,53.41,214.5
27-05-2020 00:00,45.1,181.06
28-05-2020 00:00,36.7,250.51
29-05-2020 00:00,25.31,74.44
30-05-2020 00:00,23.54,56.82
31-05-2020 00:00,22.05,42.61
01-06-2020 00:00,50.6,105.15
02-06-2020 00:00,44.06,114.96
03-06-2020 00:00,54.52,142.63
04-06-2020 00:00,61.63,158.5
05-06-2020 00:00,45.51,93.37
06-06-2020 00:00,32.14,79.68
07-06-2020 00:00,42.65,100.22
08-06-2020 00:00,50.87,126.71
09-06-2020 00:00,73.95,180.1
10-06-2020 00:00,68.2,193.12
11-06-2020 00:00,56.55,164.53
12-06-2020 00:00,59.66,146.17
13-06-2020 00:00,53.09,157.25
14-06-2020 00:00,68.84,169.58
15-06-2020 00:00,49.07,137.56
16-06-2020 00:00,39.56,109.44
17-06-2020 00:00,31.6,80.2
18-06-2020 00:00,40.36,96.54
19-06-2020 00:00,49.99,199.01
20-06-2020 00:00,34.36,130.08
21-06-2020 00:00,41.93,111.67
22-06-2020 00:00,40.46,80.31
23-06-2020 00:00,25.92,55.62
24-06-2020 00:00,31.72,60.95
25-06-2020 00:00,43.15,101.37
26-06-2020 00:00,50.28,141.61
27-06-2020 00:00,39.68,189.14
28-06-2020 00:00,53.83,338.49
29-06-2020 00:00,39.19,188.76
30-06-2020 00:00,39.95,96.95
01-07-2020 00:00,48,116.43
02-07-2020 00:00,64.56,146.74
03-07-2020 00:00,66.01,161.61
04-07-2020 00:00,45.14,95.52
05-07-2020 00:00,29.27,51.5
06-07-2020 00:00,41.72,74.5
07-07-2020 00:00,21.34,37.44
08-07-2020 00:00,26.45,50.22
09-07-2020 00:00,35.56,77.93
10-07-2020 00:00,35.93,90.85
11-07-2020 00:00,30.95,69.6
12-07-2020 00:00,24.53,58.31
13-07-2020 00:00,28.86,122.04
14-07-2020 00:00,43.13,159.98
15-07-2020 00:00,39.52,93.9
16-07-2020 00:00,28.54,61.21
17-07-2020 00:00,44.68,80.55
18-07-2020 00:00,40.2,75.7
19-07-2020 00:00,34.21,81.83
20-07-2020 00:00,27.37,67.97
21-07-2020 00:00,27.39,59.12
22-07-2020 00:00,26.09,68.39
23-07-2020 00:00,40.1,98.39
24-07-2020 00:00,37.79,70.31
25-07-2020 00:00,29.04,51.41
26-07-2020 00:00,39.86,80.7
27-07-2020 00:00,39.83,116.32
28-07-2020 00:00,31.56,97.8
29-07-2020 00:00,28.1,80.53
30-07-2020 00:00,25.7,59.55
31-07-2020 00:00,39.09,91.96
01-08-2020 00:00,28.23,80.37
02-08-2020 00:00,24.16,77.24
03-08-2020 00:00,29.89,90.17
04-08-2020 00:00,36.16,70.03
05-08-2020 00:00,37.86,85.92
06-08-2020 00:00,14.41,52.62
07-08-2020 00:00,22.26,55.33
08-08-2020 00:00,49.45,97.42
09-08-2020 00:00,32.07,72.92
10-08-2020 00:00,26.42,47.06
11-08-2020 00:00,43.07,85.11
12-08-2020 00:00,51.62,89.43
13-08-2020 00:00,18.17,28.67
14-08-2020 00:00,20.03,34.1
15-08-2020 00:00,29.75,44.95
16-08-2020 00:00,22.58,34.49
17-08-2020 00:00,31.56,64.3
18-08-2020 00:00,30.52,87.2
19-08-2020 00:00,20.32,43.61
20-08-2020 00:00,17.99,29.05
21-08-2020 00:00,19.56,40.51
22-08-2020 00:00,12.13,32.33
23-08-2020 00:00,15.57,32.02
24-08-2020 00:00,14.69,28.06
25-08-2020 00:00,21.88,52.9
26-08-2020 00:00,24.05,78.76
27-08-2020 00:00,22.76,69.06
28-08-2020 00:00,28.59,79
29-08-2020 00:00,31.05,73.48
30-08-2020 00:00,15.31,36.8
31-08-2020 00:00,13.83,33.01
01-09-2020 00:00,20.37,61.36
02-09-2020 00:00,19.07,52.94
03-09-2020 00:00,33.03,73.88
04-09-2020 00:00,44.56,74.65
05-09-2020 00:00,30.11,75.83
06-09-2020 00:00,29.53,76.54
07-09-2020 00:00,47.66,110.16
08-09-2020 00:00,34.7,100.1
09-09-2020 00:00,56.75,137.93
10-09-2020 00:00,55.69,141.22
11-09-2020 00:00,59.44,155.2
12-09-2020 00:00,75.46,169.24
13-09-2020 00:00,75.64,163.31
14-09-2020 00:00,74.08,166.8
15-09-2020 00:00,72.27,171.75
16-09-2020 00:00,74.67,189.97
17-09-2020 00:00,79.54,168.85
18-09-2020 00:00,44.05,123.69
19-09-2020 00:00,60.14,141.88
20-09-2020 00:00,72.67,167.08
21-09-2020 00:00,64.86,155.07
22-09-2020 00:00,35.85,91.31
23-09-2020 00:00,23.24,64.56
24-09-2020 00:00,37.52,98.55
25-09-2020 00:00,76.99,304.64
26-09-2020 00:00,74.68,239.88
27-09-2020 00:00,48.19,174.61
28-09-2020 00:00,70.66,292.42
29-09-2020 00:00,72.34,263.82
30-09-2020 00:00,61.11,221.95
01-10-2020 00:00,65.35,241.75
02-10-2020 00:00,78.51,234.31
03-10-2020 00:00,85.05,266.92
04-10-2020 00:00,82.63,258.09
05-10-2020 00:00,69.72,236.94
06-10-2020 00:00,90.64,268.62
07-10-2020 00:00,105.77,282.56
08-10-2020 00:00,99.23,266.77
09-10-2020 00:00,98.31,283.71
10-10-2020 00:00,101.42,259.08
11-10-2020 00:00,101.13,250.29
12-10-2020 00:00,131.42,306.74
13-10-2020 00:00,132.32,287.84
14-10-2020 00:00,129.19,281.06
15-10-2020 00:00,158.45,348.53
16-10-2020 00:00,121.82,302.23
17-10-2020 00:00,140.74,350.71
18-10-2020 00:00,112.18,278.28
19-10-2020 00:00,113.66,288
20-10-2020 00:00,111.31,294.85
21-10-2020 00:00,111.03,324.8
22-10-2020 00:00,153.01,374.77
23-10-2020 00:00,203.87,444.48
24-10-2020 00:00,172.02,382.06
25-10-2020 00:00,189.33,389.28
26-10-2020 00:00,181.88,397.69
27-10-2020 00:00,152.89,349.33
28-10-2020 00:00,176.57,389.54
29-10-2020 00:00,210.6,424.18
30-10-2020 00:00,198.78,398.97
31-10-2020 00:00,249.67,453.71
01-11-2020 00:00,252.14,447.18
02-11-2020 00:00,157.44,346.57
03-11-2020 00:00,140.02,347.64
04-11-2020 00:00,300.27,532.5
05-11-2020 00:00,254.7,459.84
06-11-2020 00:00,246.1,469.98
07-11-2020 00:00,307.77,557.03
08-11-2020 00:00,319.99,566.17
09-11-2020 00:00,473.92,735.57
10-11-2020 00:00,465.01,512.09
11-11-2020 00:00,173.29,365
12-11-2020 00:00,165.65,367.66
13-11-2020 00:00,154.75,351.29
14-11-2020 00:00,384.76,549.48
15-11-2020 00:00,292.48,357.96
16-11-2020 00:00,68.14,107.2
17-11-2020 00:00,69.49,150.92
18-11-2020 00:00,96.15,204.38
19-11-2020 00:00,116.31,270.69
20-11-2020 00:00,131.02,267.21
21-11-2020 00:00,100.96,213.68
22-11-2020 00:00,126.99,264.2
23-11-2020 00:00,164.44,351.76
24-11-2020 00:00,224.56,443.68
25-11-2020 00:00,207,371.54
26-11-2020 00:00,88.96,168.04
27-11-2020 00:00,64.1,155.95
28-11-2020 00:00,98.43,210.49
29-11-2020 00:00,105.71,225.03
30-11-2020 00:00,154.04,315.24
01-12-2020 00:00,199.35,389.32
02-12-2020 00:00,176.11,350.35
03-12-2020 00:00,165.55,338.46
04-12-2020 00:00,233.31,414.92
05-12-2020 00:00,234.97,363.45
06-12-2020 00:00,227.01,407.12
07-12-2020 00:00,263.69,462.02
08-12-2020 00:00,228.51,420.91
09-12-2020 00:00,202.09,448.85
10-12-2020 00:00,133.39,367.54
11-12-2020 00:00,166.88,358.04
12-12-2020 00:00,217.18,365.32
13-12-2020 00:00,108.6,206.03
14-12-2020 00:00,71.53,132.09
15-12-2020 00:00,122.31,231.36
16-12-2020 00:00,113.03,221.27
17-12-2020 00:00,130.15,232.48
18-12-2020 00:00,118.58,254.51
19-12-2020 00:00,148.98,302.81
20-12-2020 00:00,153.79,309.2
21-12-2020 00:00,173.17,361.37
22-12-2020 00:00,318.68,577.68
23-12-2020 00:00,346.78,622.69
24-12-2020 00:00,317.63,554.07
25-12-2020 00:00,199.97,390.44
26-12-2020 00:00,208.22,406.38
27-12-2020 00:00,272.29,506.38
28-12-2020 00:00,102.67,301
29-12-2020 00:00,129.86,322.61
30-12-2020 00:00,134.96,257.77
31-12-2020 00:00,201.28,332.51
01-01-2021 00:00,390.89,585.24
02-01-2021 00:00,277.45,380.52
03-01-2021 00:00,129.15,172.67
04-01-2021 00:00,65.65,97.18
05-01-2021 00:00,61.18,101.37
06-01-2021 00:00,116.78,195.29
07-01-2021 00:00,101.44,199.18
08-01-2021 00:00,141.98,264.51
09-01-2021 00:00,130.02,269.8
10-01-2021 00:00,104.45,198.89
11-01-2021 00:00,101.13,196.45
12-01-2021 00:00,180.67,327.93
13-01-2021 00:00,246.04,467.1
14-01-2021 00:00,425.13,682.18
15-01-2021 00:00,430.62,657.44
16-01-2021 00:00,266.74,395.78
17-01-2021 00:00,193.82,209.98
18-01-2021 00:00,207.97,322.45
19-01-2021 00:00,252.62,418.64
20-01-2021 00:00,108.04,181.06
21-01-2021 00:00,140.37,189.8
22-01-2021 00:00,225.49,307.74
23-01-2021 00:00,142.87,205.45
24-01-2021 00:00,206.8,435.42
25-01-2021 00:00,166.32,341.02
26-01-2021 00:00,169.82,322.76
27-01-2021 00:00,184.02,381.78
28-01-2021 00:00,312.1,551.66
29-01-2021 00:00,229.2,447.25
30-01-2021 00:00,136.59,295.45
31-01-2021 00:00,185.59,460.24
01-02-2021 00:00,307.01,643.14
02-02-2021 00:00,206.76,483.17
03-02-2021 00:00,162.17,268.48
04-02-2021 00:00,122.91,211.47
05-02-2021 00:00,77.31,233.54
06-02-2021 00:00,92.55,217.87
07-02-2021 00:00,120,251.05
08-02-2021 00:00,178.06,482.15
09-02-2021 00:00,184.34,346.26
10-02-2021 00:00,139.06,318.25
11-02-2021 00:00,169.4,356.17
12-02-2021 00:00,222.12,424.27
13-02-2021 00:00,196.67,372.39
14-02-2021 00:00,229.5,462.3
15-02-2021 00:00,184.64,397.28
16-02-2021 00:00,185.57,386.7
17-02-2021 00:00,179.53,409.09
18-02-2021 00:00,191.47,434.07
19-02-2021 00:00,153.49,341.91
20-02-2021 00:00,129.73,294.69
21-02-2021 00:00,158.68,323.93
22-02-2021 00:00,132.1,301.75
23-02-2021 00:00,107.5,311.53
24-02-2021 00:00,132.45,353.24
25-02-2021 00:00,127.97,350.16
26-02-2021 00:00,88.87,260.92
27-02-2021 00:00,71.86,277.98
28-02-2021 00:00,75.43,256.54
01-03-2021 00:00,60.65,228.13
02-03-2021 00:00,58.14,205.12
03-03-2021 00:00,126.46,323.74
04-03-2021 00:00,175.09,450.96
05-03-2021 00:00,119.21,300.42
06-03-2021 00:00,111.41,284.75
07-03-2021 00:00,118.92,291.52
08-03-2021 00:00,109.68,252.02
09-03-2021 00:00,118.34,271.99
10-03-2021 00:00,68.19,212.11
11-03-2021 00:00,119.42,303.03
12-03-2021 00:00,67.64,197.8
13-03-2021 00:00,89.1,250.87
14-03-2021 00:00,81.63,237.77
15-03-2021 00:00,90.12,273.81
16-03-2021 00:00,97.4,349.96
17-03-2021 00:00,106.39,397.27
18-03-2021 00:00,130.09,450.56
19-03-2021 00:00,113.15,342.29
20-03-2021 00:00,105.07,281.13
21-03-2021 00:00,101.77,266.96
22-03-2021 00:00,68.6,231.18
23-03-2021 00:00,56.48,257.39
24-03-2021 00:00,52.06,173.94
25-03-2021 00:00,41.2,139.93
26-03-2021 00:00,61.12,183.31
27-03-2021 00:00,88.55,244.84
28-03-2021 00:00,104.95,259.3
29-03-2021 00:00,95.7,215.49
30-03-2021 00:00,91.1,335.03
31-03-2021 00:00,56.71,214.07
